cust_id,gender
3500.0,0.42523168592235155
3501.0,0.19898630374622428
3502.0,0.23894168887197076
3503.0,0.4906105843347924
3504.0,0.4976432478181493
3505.0,0.4891864629524339
3506.0,0.15061085356365708
3507.0,0.4982968575414681
3508.0,0.4928670820196511
3509.0,0.36280697028235465
3510.0,0.3520747471102136
3511.0,0.4917876362230214
3512.0,0.4974658575677261
3513.0,0.4549567765113262
3514.0,0.4975444673950362
3515.0,0.45298508252608416
3516.0,0.17592782241802135
3517.0,0.43060340887506887
3518.0,0.4368245169263221
3519.0,0.4754346589422586
3520.0,0.4817298029493168
3521.0,0.4293063531212893
3522.0,0.49751833301886395
3523.0,0.07840016292853694
3524.0,0.4656818950250424
3525.0,0.4914850945221657
3526.0,0.47291196975621297
3527.0,0.4737098073335819
3528.0,0.4964301761006868
3529.0,0.4928975348066084
3530.0,0.2649924987247678
3531.0,0.49293475846406504
3532.0,0.37181552235487925
3533.0,0.47729394209094955
3534.0,0.4991445645844484
3535.0,0.48898770011714404
3536.0,0.48458012385857796
3537.0,0.40379999940370004
3538.0,0.4934068499994039
3539.0,0.4989009369024817
3540.0,0.16012969202008023
3541.0,0.24819365911748212
3542.0,0.46960924344730687
3543.0,0.27004191409094164
3544.0,0.48298828003600713
3545.0,0.4224394788000403
3546.0,0.39533483647875695
3547.0,0.10860734336879159
3548.0,0.49616208142853246
3549.0,0.4636396493163138
3550.0,0.49393658166908616
3551.0,0.4969581576132173
3552.0,0.44671336919553223
3553.0,0.48999989863565324
3554.0,0.43272892074245534
3555.0,0.25118458128150334
3556.0,0.4998822457924646
3557.0,0.47653888496432456
3558.0,0.1522073160406862
3559.0,0.25008385977514624
3560.0,0.4990763279413745
3561.0,0.45699634564159963
3562.0,0.37586555162636465
3563.0,0.37250088522891206
3564.0,0.4874935070375643
3565.0,0.4857577519223883
3566.0,0.09817554638320113
3567.0,0.4986133068833406
3568.0,0.39174983411388153
3569.0,0.47775623683408214
3570.0,0.4693169255792909
3571.0,0.4894685352448863
3572.0,0.49733885698478975
3573.0,0.4757728017297423
3574.0,0.48728517273808575
3575.0,0.4965511820225667
3576.0,0.4980686804765306
3577.0,0.207620830743748
3578.0,0.3251528070175941
3579.0,0.2401732570938407
3580.0,0.4875483235642162
3581.0,0.49964778531036075
3582.0,0.49897811025944316
3583.0,0.47603928344209445
3584.0,0.4891410757624641
3585.0,0.42848259658981824
3586.0,0.04126152923479097
3587.0,0.3018850497608098
3588.0,0.3639596926597257
3589.0,0.4851633615368316
3590.0,0.43964386554689217
3591.0,0.2798146697838545
3592.0,0.4961857347825579
3593.0,0.45841724744596496
3594.0,0.3931792075368568
3595.0,0.45388658949061
3596.0,0.47140212512175805
3597.0,0.10888570598506786
3598.0,0.4717502227652971
3599.0,0.49885495418495707
3600.0,0.49133931308382184
3601.0,0.2968427712098953
3602.0,0.4543727029234549
3603.0,0.3154925909330333
3604.0,0.4855745935572438
3605.0,0.48866006140694057
3606.0,0.46084295896065963
3607.0,0.44653822928948045
3608.0,0.40910744322527925
3609.0,0.4349860080507887
3610.0,0.48621329990157336
3611.0,0.49753675502190164
3612.0,0.4968705078227245
3613.0,0.4383261883770479
3614.0,0.49696575304860685
3615.0,0.29665253004204334
3616.0,0.49526756155359464
3617.0,0.4999717345875323
3618.0,0.49533743081179915
3619.0,0.236478056864874
3620.0,0.017996954710280757
3621.0,0.48601002472426125
3622.0,0.4469000340461741
3623.0,0.4965930550867324
3624.0,0.41813604406137445
3625.0,0.4973802516519215
3626.0,0.4504893488166344
3627.0,0.33592725704908055
3628.0,0.47337117402047646
3629.0,0.4813973404020717
3630.0,0.41925176371353673
3631.0,0.4856536108420986
3632.0,0.40862210965039075
3633.0,0.38229344094320683
3634.0,0.3651530020624066
3635.0,0.3848108782811544
3636.0,0.45509066049425356
3637.0,0.43066473218902385
3638.0,0.22440480070541202
3639.0,0.49221997919790317
3640.0,0.4970752400036953
3641.0,0.2607256405222536
3642.0,0.4810401173958044
3643.0,0.2833740698853296
3644.0,0.42292431687269216
3645.0,0.4298843488578029
3646.0,0.43081539415672826
3647.0,0.49633714029826914
3648.0,0.4992607840457525
3649.0,0.4923512245181475
3650.0,0.4542905507351249
3651.0,0.42129860013737985
3652.0,0.28686341720406594
3653.0,0.42067486109068253
3654.0,0.49112709372267543
3655.0,0.44409754139804586
3656.0,0.48879838343103876
3657.0,0.40364410594765365
3658.0,0.2480340138631262
3659.0,0.28291210637508396
3660.0,0.42924487511277165
3661.0,0.48480617202768567
3662.0,0.17680333724765063
3663.0,0.49827207253741235
3664.0,0.4946395562272186
3665.0,0.4645772521040461
3666.0,0.4999918643594059
3667.0,0.3891268761882479
3668.0,0.28254941623708074
3669.0,0.4965175230134827
3670.0,0.27681247382208074
3671.0,0.4998699943374673
3672.0,0.4364146115843398
3673.0,0.4787505905887587
3674.0,0.4976631334581447
3675.0,0.47712396971898874
3676.0,0.4743494597099049
3677.0,0.48209094919816387
3678.0,0.36915569851293367
3679.0,0.4887990672912338
3680.0,0.263706593283182
3681.0,0.49942341040940147
3682.0,0.4991505895499347
3683.0,0.29067365357735314
3684.0,0.47665870813944156
3685.0,0.39649546486577025
3686.0,0.4764188604987808
3687.0,0.33970926407634133
3688.0,0.3880034510586116
3689.0,0.49950955997820645
3690.0,0.4421481740823096
3691.0,0.20615465948585757
3692.0,0.1021647510652324
3693.0,0.3499595861097564
3694.0,0.13200243777195964
3695.0,0.4984442490692357
3696.0,0.4830704449118811
3697.0,0.4602357705001194
3698.0,0.4392656412491469
3699.0,0.4759786723380159
3700.0,0.3936123773867801
3701.0,0.27334141065566137
3702.0,0.3957234141997844
3703.0,0.49888307872607424
3704.0,0.48806410326798744
3705.0,0.4895069321283386
3706.0,0.4273650263054528
3707.0,0.3690690346092942
3708.0,0.17985175833957717
3709.0,0.43628338368560865
3710.0,0.4804457782448542
3711.0,0.4085433300392533
3712.0,0.4951415273199232
3713.0,0.10939888277687108
3714.0,0.46666979075877246
3715.0,0.21567761704501978
3716.0,0.4730377509406273
3717.0,0.4556561241749617
3718.0,0.20508108848967893
3719.0,0.4525106116824509
3720.0,0.4773299964350343
3721.0,0.49951743804981985
3722.0,0.35287625737473083
3723.0,0.4484167456091606
3724.0,0.4727500928516794
3725.0,0.47700251870530513
3726.0,0.4993731439993056
3727.0,0.48869830005972426
3728.0,0.49729120398978033
3729.0,0.4993364334012459
3730.0,0.48722077862642243
3731.0,0.48904662340499033
3732.0,0.4790836444620355
3733.0,0.46717971837033606
3734.0,0.3599365984013011
3735.0,0.21571961310499185
3736.0,0.48478818894160025
3737.0,0.4831751440110993
3738.0,0.4372449920379611
3739.0,0.4995691991456664
3740.0,0.49321031910598134
3741.0,0.4949865674533613
3742.0,0.4881189854193223
3743.0,0.444127597883635
3744.0,0.33807556607684275
3745.0,0.4542135293725439
3746.0,0.4478302517048432
3747.0,0.4721657829135735
3748.0,0.26063747525790615
3749.0,0.4938777477935491
3750.0,0.47823885235898117
3751.0,0.4975525944957813
3752.0,0.3428165754010203
3753.0,0.49997818014452144
3754.0,0.4820447472912057
3755.0,0.49969638128733745
3756.0,0.4943940451274036
3757.0,0.38861202738231837
3758.0,0.48628751505682216
3759.0,0.42329300529337704
3760.0,0.12501801159758133
3761.0,0.4952331024385712
3762.0,0.35999493919393477
3763.0,0.3063751520944493
3764.0,0.4935977197644487
3765.0,7.488284077623937e-05
3766.0,0.4994012645328088
3767.0,0.48657259648596685
3768.0,0.29745037170924726
3769.0,0.4885538508949045
3770.0,0.4978932532477087
3771.0,0.18003499332413284
3772.0,0.4980143781269984
3773.0,0.4898179287568678
3774.0,0.4641570222123348
3775.0,0.49963038952900984
3776.0,0.4777643265028627
3777.0,0.470820425611811
3778.0,0.48723349610249667
3779.0,0.4131456153106205
3780.0,0.4931996626029807
3781.0,0.4561003840523224
3782.0,0.49705204758825444
3783.0,0.4560352704365522
3784.0,0.4961395751497953
3785.0,0.4999260743337263
3786.0,0.4694096581796755
3787.0,0.4596500056555801
3788.0,0.49042836694316055
3789.0,0.25360182226314026
3790.0,0.16719645252074233
3791.0,0.2320121576208991
3792.0,0.4995354935214352
3793.0,0.49446107114446275
3794.0,0.4577342803560261
3795.0,0.49976247253602696
3796.0,0.15422043129028426
3797.0,0.48755042029123363
3798.0,0.496896291700688
3799.0,0.3683884637679947
3800.0,0.3065493783023937
3801.0,0.09162906973289535
3802.0,0.4641664512382834
3803.0,0.3455651533518885
3804.0,0.3115217762308549
3805.0,0.4964323747299365
3806.0,0.4958714409195659
3807.0,0.22601962491131125
3808.0,0.498500335969899
3809.0,0.2392182930051553
3810.0,0.3740893992957602
3811.0,0.4994927518561925
3812.0,0.4874771775330776
3813.0,0.49932119067451186
3814.0,0.27119970979850033
3815.0,0.49989614758923584
3816.0,0.35969104249958933
3817.0,0.28776049689863303
3818.0,0.4941457023787913
3819.0,0.4663643169140085
3820.0,0.4730519051942446
3821.0,0.4998546888773373
3822.0,0.453397807918652
3823.0,0.3541923415032677
3824.0,0.35956970094291396
3825.0,0.4998685122782028
3826.0,0.44605899029907464
3827.0,0.4063888956262388
3828.0,0.3438531731604746
3829.0,0.42001000500687335
3830.0,0.4960970343214776
3831.0,0.3374114751929429
3832.0,0.36860342097934234
3833.0,0.31215989854136067
3834.0,0.43328946003210583
3835.0,0.2815475963863778
3836.0,0.13595189055546847
3837.0,0.32579721464746025
3838.0,0.48739909611503696
3839.0,0.49066539616561455
3840.0,0.451680945846162
3841.0,0.421545135146703
3842.0,0.3851608593553706
3843.0,0.27119538870706145
3844.0,0.4902526483617966
3845.0,0.18917269730973738
3846.0,0.377952648411147
3847.0,0.35073899400294767
3848.0,0.47741995908552176
3849.0,0.4986394890733117
3850.0,0.40347112562439574
3851.0,0.2814510420550338
3852.0,0.4198056876990935
3853.0,0.4975778688302573
3854.0,0.4837628785451829
3855.0,0.3253142395421775
3856.0,0.44441906194262665
3857.0,0.39387309563409484
3858.0,0.4491489318507411
3859.0,0.48969763518056947
3860.0,0.4999482506115294
3861.0,0.341991141855927
3862.0,0.4759915586655842
3863.0,0.3666861624752708
3864.0,0.49990537629924103
3865.0,0.49219261133992437
3866.0,0.4992504348416545
3867.0,0.49324623190235445
3868.0,0.49046765319701974
3869.0,0.4580572840381639
3870.0,0.3728879269183111
3871.0,0.4848573843789753
3872.0,0.4951948550551206
3873.0,0.48164151591820664
3874.0,0.4761354788182232
3875.0,0.3978548491134406
3876.0,0.4847989712398254
3877.0,0.19909442221141907
3878.0,0.4431165553028469
3879.0,0.4907650327889662
3880.0,0.4862592360471692
3881.0,0.30839988643802385
3882.0,0.4573003007756457
3883.0,0.4704915920675769
3884.0,0.20622664044384403
3885.0,0.49854782346286985
3886.0,0.4998817214839974
3887.0,0.25561794794949305
3888.0,0.44067396805406056
3889.0,0.41251554237720744
3890.0,0.49939118608093985
3891.0,0.4559717430015725
3892.0,0.19883090660469785
3893.0,0.3559702879939124
3894.0,0.34129949930700026
3895.0,0.00953754695832919
3896.0,0.17321904926131668
3897.0,0.3157243995487943
3898.0,0.49409248636905945
3899.0,0.3903425959512475
3900.0,0.4940924863667307
3901.0,0.3638525322779249
3902.0,0.4446717698978444
3903.0,0.42305800041910496
3904.0,0.43011347893596036
3905.0,0.41686144667430525
3906.0,0.47999866206340575
3907.0,0.03396502025522648
3908.0,0.4580041541881667
3909.0,0.49968787126460895
3910.0,0.4621319522457956
3911.0,0.14642855909958205
3912.0,0.49933470481037134
3913.0,0.49693041859430676
3914.0,0.3923464592653336
3915.0,0.22307431556930177
3916.0,0.41980131639127266
3917.0,0.4992450336538488
3918.0,0.4895310085764268
3919.0,0.27718889315142026
3920.0,0.4479142692811711
3921.0,0.44222279362488764
3922.0,0.4571634195295263
3923.0,0.49998092371679576
3924.0,0.4961192092335959
3925.0,0.17049091133983496
3926.0,0.41779247371541256
3927.0,0.3333267091380461
3928.0,0.4990752728326265
3929.0,0.49567880379870966
3930.0,0.4959162360135613
3931.0,0.4005714918364022
3932.0,0.4979476603049572
3933.0,0.49882232155346595
3934.0,0.3246272619666579
3935.0,0.2902429391117646
3936.0,0.013645959673416872
3937.0,0.00392471390601898
3938.0,0.4842050889565239
3939.0,0.4744753005652799
3940.0,0.499088654345156
3941.0,0.47091805765969297
3942.0,0.20554175626505272
3943.0,0.4684631126146343
3944.0,0.18162647000969392
3945.0,0.4831030040196959
3946.0,0.4955090381936489
3947.0,0.13173534221765265
3948.0,0.3164774937696859
3949.0,0.48838406110675214
3950.0,0.33102545725602783
3951.0,0.48193169376250333
3952.0,0.4875421886901214
3953.0,0.4208971850028045
3954.0,0.49591126100240235
3955.0,0.48165478409004875
3956.0,0.4827359069770248
3957.0,0.38561431412562763
3958.0,0.4918358090143632
3959.0,0.4038150161109436
3960.0,0.4925891964967548
3961.0,0.4435944176787921
3962.0,0.49950821475791846
3963.0,0.3632891802649645
3964.0,0.4866116385558506
3965.0,0.4994731625136414
3966.0,0.1604926522588871
3967.0,0.3520636588887206
3968.0,0.4961561675870196
3969.0,0.3538641196083976
3970.0,0.33361559908969873
3971.0,0.09175598089797256
3972.0,0.4996677108099808
3973.0,0.4896525020281229
3974.0,0.424334629501757
3975.0,0.4995178997290073
3976.0,0.4764901815537263
3977.0,0.4749063997532756
3978.0,0.49758471251845454
3979.0,0.4491740997143546
3980.0,0.4154863312261357
3981.0,0.3826612014361141
3982.0,0.45986773592585445
3983.0,0.48599564681182983
3984.0,0.4047649877431639
3985.0,0.20133825936015645
3986.0,0.22675205604447798
3987.0,0.019689611344097736
3988.0,0.38490345364073264
3989.0,0.4994028257331932
3990.0,0.3021502992317187
3991.0,0.4977778498406944
3992.0,0.32909421751700857
3993.0,0.4260840110591601
3994.0,0.24024659935205753
3995.0,0.410864895799073
3996.0,0.38574206960173585
3997.0,0.4619202923095333
3998.0,0.4971755263671366
3999.0,0.4837430590652729
4000.0,0.4818394395357223
4001.0,0.47778510761174514
4002.0,0.40238366835539896
4003.0,0.43470131678492674
4004.0,0.4231801729605424
4005.0,0.34746835823354033
4006.0,0.4998064695477003
4007.0,0.4957981830411813
4008.0,0.4907159595291424
4009.0,0.4761621338514493
4010.0,0.2452925953009566
4011.0,0.49342138629536647
4012.0,0.4775482897850576
4013.0,0.3096540134118339
4014.0,0.447542515011194
4015.0,0.41043772732676764
4016.0,0.4706210705212175
4017.0,0.49221452171464847
4018.0,0.4855167774841833
4019.0,0.4643727567457234
4020.0,0.2722516511965553
4021.0,0.48073591506646657
4022.0,0.48286025684881956
4023.0,0.4540079198873051
4024.0,0.4832316958453397
4025.0,0.49491870828232815
4026.0,0.4092151498999071
4027.0,0.4976679039193509
4028.0,0.47818238441608435
4029.0,0.2407726810480031
4030.0,0.13546831732231887
4031.0,0.4622853927590758
4032.0,0.4588986156403472
4033.0,0.49338443209351784
4034.0,0.48471556111212477
4035.0,0.4845575506716341
4036.0,0.3946968828114526
4037.0,0.3811431428668744
4038.0,0.11190839443879941
4039.0,0.30735702380482777
4040.0,0.4710882283396645
4041.0,0.47146168458094223
4042.0,0.264238906071872
4043.0,0.4083410919591189
4044.0,0.4536990171512726
4045.0,0.49967607654387686
4046.0,0.42857909638839387
4047.0,0.29961064481164934
4048.0,0.4930322534429595
4049.0,0.3017964243314914
4050.0,0.32972535815439763
4051.0,0.49182199816614736
4052.0,0.21964112464206775
4053.0,0.3086747365054333
4054.0,0.4844841051661821
4055.0,0.4996030524049256
4056.0,0.4999174748337582
4057.0,0.46927176886830635
4058.0,0.49550163392315866
4059.0,0.49583463080793033
4060.0,0.42499836028611276
4061.0,0.4816636515339259
4062.0,0.49091255751350366
4063.0,0.42045908572430674
4064.0,0.4979420400617711
4065.0,0.45648971486366
4066.0,0.47123092981802295
4067.0,0.11514734691391391
4068.0,0.2031076132312812
4069.0,0.4904543610054595
4070.0,0.3360640983596687
4071.0,0.48707283973803084
4072.0,0.36614848208520195
4073.0,0.23215147787543808
4074.0,0.4294990001438441
4075.0,0.4919944187274788
4076.0,0.38769523789111154
4077.0,0.40979712328899365
4078.0,0.49986053674996495
4079.0,0.49990972119296934
4080.0,0.4953616106289323
4081.0,0.22803440806686848
4082.0,0.4407191461883508
4083.0,0.48676504900826256
4084.0,0.4965709583178215
4085.0,0.4793562913232338
4086.0,0.4961782148478504
4087.0,0.4648795369734563
4088.0,0.4679900421874386
4089.0,0.329209865513237
4090.0,0.3981083497067276
4091.0,0.4997628190683219
4092.0,0.15885434126366707
4093.0,0.4958168709115894
4094.0,0.46542609672723245
4095.0,0.08152520236927188
4096.0,0.48847868982933657
4097.0,0.49494042814574735
4098.0,0.4319827898469081
4099.0,0.49947074086144133
4100.0,0.4998793801072197
4101.0,0.4915614132461315
4102.0,0.4623640147959131
4103.0,0.13548015694550208
4104.0,0.09747124485878937
4105.0,0.49942260817976497
4106.0,0.09958800316992943
4107.0,0.45708535739863
4108.0,0.4190194243463508
4109.0,0.38569123767794494
4110.0,0.338953078014533
4111.0,0.4963750864161641
4112.0,0.471652336706686
4113.0,0.4915198524748608
4114.0,0.48463111534947356
4115.0,0.497060803902042
4116.0,0.49424753970608915
4117.0,0.4158299781785447
4118.0,0.37760845713811997
4119.0,0.3414392502737509
4120.0,0.286480508182302
4121.0,0.4946335266844614
4122.0,0.471925204433243
4123.0,0.4661745836070323
4124.0,0.4873326356245704
4125.0,0.4907282889167301
4126.0,0.17933361251624105
4127.0,0.4397642238880401
4128.0,0.23090881866220472
4129.0,0.46654486458129174
4130.0,0.48470473779338075
4131.0,0.4783905448714627
4132.0,0.40673568749464284
4133.0,0.3993355673725569
4134.0,0.44059070390869065
4135.0,0.42998042486259724
4136.0,0.49294531918312245
4137.0,0.4409129314185377
4138.0,0.46746519530001224
4139.0,0.47306966096593006
4140.0,0.49417766237391636
4141.0,0.1866214351308158
4142.0,0.38121560178321096
4143.0,0.2834776873365674
4144.0,0.49618909454654636
4145.0,0.4955342092268327
4146.0,0.4126777048478055
4147.0,0.49900447810535
4148.0,0.4899077715556121
4149.0,0.49930585793783056
4150.0,0.4595057783132061
4151.0,0.4981859095396129
4152.0,0.4578043476681562
4153.0,0.4987641341646871
4154.0,0.4522452069602312
4155.0,0.4387478158169229
4156.0,0.07149035862498632
4157.0,0.46208071107372867
4158.0,0.4914783470340027
4159.0,0.3448372859430047
4160.0,0.4961219359342605
4161.0,0.40021579687699466
4162.0,0.4991299505157964
4163.0,0.4458388232019935
4164.0,0.4989587901622899
4165.0,0.48768946659684564
4166.0,0.47095755721595894
4167.0,0.49991136356241
4168.0,0.49965166986735876
4169.0,0.418436751168538
4170.0,0.4007528781669386
4171.0,0.49851077446208475
4172.0,0.4843878987551077
4173.0,0.459246118518427
4174.0,0.4964150758295951
4175.0,0.3260579803038507
4176.0,0.4728578443945583
4177.0,0.31922965051795743
4178.0,0.3781551171214832
4179.0,0.2690102376496581
4180.0,0.39131666912572344
4181.0,0.18631076894084728
4182.0,0.4883572261657864
4183.0,0.4386419149681016
4184.0,0.25213074569033006
4185.0,0.3430075875168766
4186.0,0.16082137002303976
4187.0,0.03215128894771486
4188.0,0.4987330976935107
4189.0,0.4937019463956776
4190.0,0.11335116986840839
4191.0,0.13678036232545152
4192.0,0.4992134739354125
4193.0,0.4994701279623717
4194.0,0.4096539553634839
4195.0,0.49989724592618423
4196.0,0.49992607385058013
4197.0,0.4897152889237076
4198.0,0.4598417761615387
4199.0,0.4281729093905848
4200.0,0.478897670630403
4201.0,0.49671902030790616
4202.0,0.25790602805910867
4203.0,0.49948700490929154
4204.0,0.4903531114393657
4205.0,0.1458800540749997
4206.0,0.4731923234971437
4207.0,0.46593313263826924
4208.0,0.4643879731209902
4209.0,0.49331051277191
4210.0,0.44184025757443174
4211.0,0.4820258044003697
4212.0,0.4789180181582249
4213.0,0.37458736115590524
4214.0,0.45996614676055836
4215.0,0.4334287317976709
4216.0,0.4353652828563427
4217.0,0.34010400566419036
4218.0,0.47810369591859503
4219.0,0.4980480035616409
4220.0,0.49975605503386045
4221.0,0.3593213425127931
4222.0,0.49097074574519095
4223.0,0.15382780451451591
4224.0,0.40796629412024593
4225.0,0.3639529215352523
4226.0,0.4977471447085175
4227.0,0.4951213492984557
4228.0,0.48059569370689303
4229.0,0.42532076462003854
4230.0,0.49727173369601263
4231.0,0.45806687653240546
4232.0,0.48515855735196634
4233.0,0.11511480709982372
4234.0,0.22013422442032227
4235.0,0.49958295436121175
4236.0,0.4538354007743531
4237.0,0.47954115984244117
4238.0,0.49993213186674784
4239.0,0.4879244459485638
4240.0,0.3790109999621877
4241.0,0.021460493989156903
4242.0,0.2840742423890285
4243.0,0.3208314405693201
4244.0,0.4600251804599298
4245.0,0.464114568792768
4246.0,0.4926841879141778
4247.0,0.48940494708329163
4248.0,0.3463771442965261
4249.0,0.49912003770520197
4250.0,0.39801150572777816
4251.0,0.49587118441354366
4252.0,0.21907146855835996
4253.0,0.4688069134335444
4254.0,0.4562897092107224
4255.0,0.362232591339222
4256.0,0.17904343755908783
4257.0,0.4980794005922514
4258.0,0.4976524010560466
4259.0,0.47894490578661225
4260.0,0.48072809799716565
4261.0,0.050620976865536293
4262.0,0.4501998586782538
4263.0,0.46449402336318696
4264.0,0.49003461171622864
4265.0,0.1972956642862056
4266.0,0.48478956241308785
4267.0,0.26210781147822076
4268.0,0.03732522723830068
4269.0,0.4674467360748632
4270.0,0.4613517265745671
4271.0,0.4556484163203019
4272.0,0.1474588553795117
4273.0,0.4707180467455156
4274.0,0.49852599695222727
4275.0,0.49091973521317633
4276.0,0.49920164647123855
4277.0,0.4755927692742474
4278.0,0.4370071951641935
4279.0,0.462617366281426
4280.0,0.49803681000184175
4281.0,0.45729298066999247
4282.0,0.17768392951228262
4283.0,0.4968815497889522
4284.0,0.4992238227731663
4285.0,0.4997089881487712
4286.0,0.4794435514470694
4287.0,0.4979415180085503
4288.0,0.43772018428825665
4289.0,0.4923727651986156
4290.0,0.38245397603787756
4291.0,0.41065076812264295
4292.0,0.457034083835364
4293.0,0.4945724122402019
4294.0,1.4744552228253396e-06
4295.0,0.37192388653058617
4296.0,0.49312846503818525
4297.0,0.46918270944081664
4298.0,0.4659612617184161
4299.0,0.4979076891877948
4300.0,0.0314619403039117
4301.0,0.4008344908998121
4302.0,0.1839033135336359
4303.0,0.14068882902472954
4304.0,0.4591721294040443
4305.0,0.49956863873908136
4306.0,0.4899638935258808
4307.0,0.15030521513857784
4308.0,0.4306531423008349
4309.0,0.3338407653591083
4310.0,0.35273062178472403
4311.0,0.46191904562865127
4312.0,0.4289554208952277
4313.0,0.49672876013194667
4314.0,0.4179687335887609
4315.0,0.49720580187548175
4316.0,0.4797736829947286
4317.0,0.4915570761074218
4318.0,0.1604120155616008
4319.0,0.4942865697354157
4320.0,0.45997032486485434
4321.0,0.40286729139257776
4322.0,0.43403454585407825
4323.0,0.4103698920079432
4324.0,0.4721623352637159
4325.0,0.4643756965627556
4326.0,0.4600295541859273
4327.0,0.49831459898538716
4328.0,0.4460231152436605
4329.0,0.41496271641828003
4330.0,0.4062829856974984
4331.0,0.48328583333165237
4332.0,0.499623357677
4333.0,0.496916578131189
4334.0,0.2835541486248439
4335.0,0.16738514765126666
4336.0,0.49748078102171134
4337.0,0.45593098194963316
4338.0,0.4969441296886287
4339.0,0.3416866236630936
4340.0,0.23911922566603358
4341.0,0.4984769267792704
4342.0,0.4918604242103246
4343.0,0.14560529802037747
4344.0,0.454776105870974
4345.0,0.3296110126669793
4346.0,0.21389435230053583
4347.0,0.45776977993932777
4348.0,0.4428176627931328
4349.0,0.4999480971180872
4350.0,0.11115706748627723
4351.0,0.24790896274422333
4352.0,0.4984226220991445
4353.0,0.48693701145446827
4354.0,0.46887749916522203
4355.0,0.4038726141975369
4356.0,0.499088303736858
4357.0,0.4846521687236758
4358.0,0.49448823502504047
4359.0,0.4986769456201728
4360.0,0.49964904537032784
4361.0,0.4986267245548611
4362.0,0.4387758417712258
4363.0,0.4183142966838282
4364.0,0.3847801502828474
4365.0,0.47685492436899535
4366.0,0.4184522028030229
4367.0,0.3429104778679852
4368.0,0.1837106478255997
4369.0,0.4867635858919053
4370.0,0.346915776140883
4371.0,0.4712362925523517
4372.0,0.4962858924881451
4373.0,0.49948851217311097
4374.0,0.49806617963823135
4375.0,0.49573969099446763
4376.0,0.37397227144135836
4377.0,0.47230809116264433
4378.0,0.4253832553930841
4379.0,0.48552625663653887
4380.0,0.4454056002595997
4381.0,0.24830280575706762
4382.0,0.20500344507916168
4383.0,0.49815197274802253
4384.0,0.47239643873847603
4385.0,0.4892041827947012
4386.0,0.43530305860870244
4387.0,0.4991906295933839
4388.0,0.49979820198211683
4389.0,0.4995441884763887
4390.0,0.18187778815004435
4391.0,0.4198420760966008
4392.0,0.49528056924325964
4393.0,0.25882435729346354
4394.0,0.4065726097909955
4395.0,0.44795577148406
4396.0,0.38934809690087324
4397.0,0.4598401972542763
4398.0,0.49962335759945353
4399.0,0.36654041524602865
4400.0,0.425431708022651
4401.0,0.47450533387156196
4402.0,0.4841122827725367
4403.0,0.36356100331278884
4404.0,0.40149062976636574
4405.0,0.4966425626696646
4406.0,0.49070514887545336
4407.0,0.41125523189758967
4408.0,0.39417057163998753
4409.0,0.41593179039851197
4410.0,0.4998566772273354
4411.0,0.3597731219370808
4412.0,0.2961095164927013
4413.0,0.08170165393067627
4414.0,0.49645205284137983
4415.0,0.37303862396988013
4416.0,0.4918231344486137
4417.0,0.4478081941351693
4418.0,0.17021184896540573
4419.0,0.43416769986656384
4420.0,0.30181712582762293
4421.0,0.20282469285458496
4422.0,0.4997189117102974
4423.0,0.49716145042359067
4424.0,0.4997752743073553
4425.0,0.4586651623515388
4426.0,0.37932164979213684
4427.0,0.42911197579586946
4428.0,0.4919365044907577
4429.0,0.49493360773294
4430.0,0.4986692476837049
4431.0,0.4852512158984957
4432.0,0.49800413243419733
4433.0,0.41201094003490024
4434.0,0.4810189151052747
4435.0,0.4899954209482153
4436.0,0.06911689469687386
4437.0,0.40004527865442785
4438.0,0.47813027249811507
4439.0,0.49921522936326707
4440.0,0.20265659077254658
4441.0,0.1349931073789045
4442.0,0.41549120095572595
4443.0,0.3206849117775459
4444.0,0.49627887847234337
4445.0,0.4995417907393904
4446.0,0.4461428544913359
4447.0,0.49391007709535134
4448.0,0.49398515315172953
4449.0,0.3719263480667423
4450.0,0.22697050425303797
4451.0,0.4941680901047527
4452.0,0.4992331481838999
4453.0,0.11417955500313683
4454.0,0.49996219977323575
4455.0,0.3582886561806078
4456.0,0.39868525222387174
4457.0,0.3195026963285991
4458.0,0.28387848357189915
4459.0,0.3262397823903806
4460.0,0.4843635090354339
4461.0,0.4028011194472127
4462.0,0.4932567037466657
4463.0,0.49893553078646935
4464.0,0.14206321172975775
4465.0,0.4165005233559735
4466.0,0.496752807535734
4467.0,0.29426339611938684
4468.0,0.458784796926029
4469.0,0.4641176859161744
4470.0,0.1510792587400017
4471.0,0.46874704613715107
4472.0,0.48309536459028135
4473.0,0.49698705846178143
4474.0,0.39940174849652466
4475.0,0.4990024242005315
4476.0,0.3393776661655813
4477.0,0.3277698139701083
4478.0,0.49995209378894184
4479.0,0.42775606851080017
4480.0,0.44770758442892516
4481.0,0.3078332770487826
4482.0,0.483881900388569
4483.0,0.15940853861393475
4484.0,0.4997117020034178
4485.0,0.38299581034536406
4486.0,0.3606342707957429
4487.0,0.3880088655728799
4488.0,0.41497168017633146
4489.0,0.44776596361171694
4490.0,0.32732965719616974
4491.0,0.4152761509275499
4492.0,0.499114604174953
4493.0,0.48838537914178454
4494.0,0.12867126276774765
4495.0,0.19679752444224932
4496.0,0.44502686094890537
4497.0,0.49486265067007534
4498.0,0.47596877195763354
4499.0,0.46754091931730407
4500.0,0.49985239235627693
4501.0,0.3843153621047885
4502.0,0.23392527676893776
4503.0,0.43590772114862225
4504.0,0.4080463339726578
4505.0,0.4995121148056385
4506.0,0.454911509744799
4507.0,0.18382674411874592
4508.0,0.41070066081756623
4509.0,0.45317403589485994
4510.0,0.25876435183686797
4511.0,0.4892184449683697
4512.0,0.47783815857891276
4513.0,0.4710540239846495
4514.0,0.49344111392245593
4515.0,0.4764365928414583
4516.0,0.30261355389186195
4517.0,0.4735671935035979
4518.0,0.4872904695065907
4519.0,0.49630401446589545
4520.0,0.4996747413647207
4521.0,0.47184457534350494
4522.0,0.2229309049311644
4523.0,0.09461348032526795
4524.0,0.4999049076769608
4525.0,0.4993806368689633
4526.0,0.489719344776731
4527.0,0.39205374829052475
4528.0,0.4985749027157385
4529.0,0.45034054955236724
4530.0,0.49628478250045027
4531.0,0.4889450650666034
4532.0,0.49949370859413034
4533.0,0.49925402758609755
4534.0,0.4960137470178462
4535.0,0.3774207800470962
4536.0,0.48536777216701266
4537.0,0.45397977264290934
4538.0,0.4489919209435974
4539.0,0.49944120288949706
4540.0,0.46550499565619724
4541.0,0.45995035323503475
4542.0,0.495585970174992
4543.0,0.4293388968853416
4544.0,0.41291207803871943
4545.0,0.48995212544000116
4546.0,0.4105700798772232
4547.0,0.32168177574119294
4548.0,0.42201479549972276
4549.0,0.4832438313340285
4550.0,0.45729740470937824
4551.0,0.4978509701579706
4552.0,0.41892388518051293
4553.0,0.4885674309137371
4554.0,0.49953413838659205
4555.0,0.21756249744705236
4556.0,0.4961746461140991
4557.0,0.47758495850005617
4558.0,0.4810688041373404
4559.0,0.39006023422585495
4560.0,0.47576331297816654
4561.0,0.1106191447173527
4562.0,0.4789213295931904
4563.0,0.49948666444938894
4564.0,0.3872932702802941
4565.0,0.4957895414320895
4566.0,0.47624300313962303
4567.0,0.4999075597162462
4568.0,0.49392123474842925
4569.0,0.480166584209329
4570.0,0.4099278401564582
4571.0,0.48551984199284987
4572.0,0.08047900105441111
4573.0,0.4282621988261456
4574.0,0.4977428978908514
4575.0,0.49852759779035993
4576.0,0.45868962480694553
4577.0,0.497861096557965
4578.0,0.4748362991786161
4579.0,0.003999211223089883
4580.0,0.4433055058588094
4581.0,0.4949104337956589
4582.0,0.19947851918436038
4583.0,0.48492243309757205
4584.0,0.4320329471655719
4585.0,0.4991947098285793
4586.0,0.4801870910306259
4587.0,0.4875121569606949
4588.0,0.49214223403381707
4589.0,0.12681027009483406
4590.0,0.49216448370565874
4591.0,0.4505427253981942
4592.0,0.47056974125794554
4593.0,0.4968563856112042
4594.0,0.2534564307635418
4595.0,0.3692093452502059
4596.0,0.4683610259138424
4597.0,0.49889117810640843
4598.0,0.4937072783513349
4599.0,0.4869788013919183
4600.0,0.4887870175428845
4601.0,0.4881114921238674
4602.0,0.3315242202432864
4603.0,0.4135552454290097
4604.0,0.49959268959824565
4605.0,0.4859109656467653
4606.0,0.4455737654194533
4607.0,0.3913603345272455
4608.0,0.34423051721335723
4609.0,0.49586801839591005
4610.0,0.26892575334277496
4611.0,0.47724981960651947
4612.0,0.4915770265147284
4613.0,0.48879756710398686
4614.0,0.384952256820915
4615.0,0.483719573984524
4616.0,0.08483274528807973
4617.0,0.4678053147930078
4618.0,0.26952782823014104
4619.0,0.49073579375030757
4620.0,0.4943893113888325
4621.0,0.49706178671475687
4622.0,0.49523222034746583
4623.0,0.4883461705058182
4624.0,0.4110834772725529
4625.0,0.4830784998003505
4626.0,0.4985953184539438
4627.0,0.48324175653024976
4628.0,0.4879499345632938
4629.0,0.4824042906162026
4630.0,0.37003470558043733
4631.0,0.4831560284157693
4632.0,0.4239029026951898
4633.0,0.23543611489893942
4634.0,0.40423604176752853
4635.0,0.4184604888941131
4636.0,0.49961721662395703
4637.0,0.47807424541644333
4638.0,0.3917646350475358
4639.0,0.2960204294757376
4640.0,0.367083311523688
4641.0,0.4967702270075178
4642.0,0.27218095016809984
4643.0,0.22623011494887837
4644.0,0.4247759402313159
4645.0,0.49962674726046336
4646.0,0.4174058039203368
4647.0,0.4983066119627511
4648.0,0.49904014274979785
4649.0,0.4915768578200775
4650.0,0.44924035481171365
4651.0,0.29053227832847245
4652.0,0.45038060914215944
4653.0,0.3595299639310106
4654.0,0.4867667441217915
4655.0,0.48950410602755595
4656.0,0.47799504671362836
4657.0,0.42223015857812
4658.0,0.4256534910267374
4659.0,0.49840242269538654
4660.0,0.2280588654697882
4661.0,0.4990598959326412
4662.0,0.41545117876590815
4663.0,0.4895184875783069
4664.0,0.4183026669333131
4665.0,0.47232028398569986
4666.0,0.35376451624521693
4667.0,0.2067608993527572
4668.0,0.36705760425449263
4669.0,0.4711733015324127
4670.0,0.4743993119562496
4671.0,0.2884054015186135
4672.0,0.42880756174486995
4673.0,0.44749049568266375
4674.0,0.461346737754202
4675.0,0.4981371883641418
4676.0,0.44535477242862986
4677.0,0.4774828408090382
4678.0,0.42079643828625846
4679.0,0.49571266878016534
4680.0,0.32474232944248665
4681.0,0.47148373209840516
4682.0,0.15282959521022793
4683.0,0.3739294452402342
4684.0,0.49661162559280453
4685.0,0.18707669580036537
4686.0,0.3984160712364323
4687.0,0.024901865575039563
4688.0,0.4651001521382205
4689.0,0.21909485703816173
4690.0,0.15502336323107885
4691.0,0.49290141508317237
4692.0,0.3627931741531982
4693.0,0.15993141897865526
4694.0,0.3894957173675782
4695.0,0.3645469843559367
4696.0,0.19659251516006443
4697.0,0.4009856312799132
4698.0,0.49980336404396797
4699.0,0.35764471615605425
4700.0,0.3375201822375475
4701.0,0.4923122717876321
4702.0,0.28581661818490495
4703.0,0.33446880726775224
4704.0,0.49988612105362873
4705.0,0.489410145857503
4706.0,0.4537171438295922
4707.0,0.4987829578962276
4708.0,0.3495933932623061
4709.0,0.49405184390256895
4710.0,0.33582333491977867
4711.0,0.47601409221558205
4712.0,0.4978301297343014
4713.0,0.46272352503338565
4714.0,0.49926965332095324
4715.0,0.450251337539916
4716.0,0.4667817547573038
4717.0,0.4384820429673477
4718.0,0.49822589260496825
4719.0,0.4939682310409422
4720.0,0.4988952620770643
4721.0,0.49219362909669195
4722.0,0.07452086988590492
4723.0,0.4583840807673613
4724.0,0.48292178308280376
4725.0,0.4968536558428384
4726.0,0.4934805122865625
4727.0,0.12586944746689843
4728.0,0.31682589969098535
4729.0,0.424381451520146
4730.0,0.4977692937093084
4731.0,0.49905622240789427
4732.0,0.4999120108183772
4733.0,0.37344470187999074
4734.0,0.4869738622754547
4735.0,0.34216558073035713
4736.0,0.4445970937075364
4737.0,0.4930785785320889
4738.0,0.4501312070191256
4739.0,0.4957836279497956
4740.0,0.3799879345029432
4741.0,0.48964139076825175
4742.0,0.4170934861258315
4743.0,0.49456825831296564
4744.0,0.38694380707148845
4745.0,0.4971992893227773
4746.0,0.4728309866250144
4747.0,0.4533866951521422
4748.0,0.49922751828038225
4749.0,0.32469908826018096
4750.0,0.48180670911702456
4751.0,0.28119239929867157
4752.0,0.4962506953750828
4753.0,0.38409056952065873
4754.0,0.4459342458804554
4755.0,0.49298986936301087
4756.0,0.4857347500161645
4757.0,0.011505243324532025
4758.0,0.4759940688939677
4759.0,0.46848411425840397
4760.0,0.3049646203781971
4761.0,0.49860473979410563
4762.0,0.4875500013074417
4763.0,0.00344845373035695
4764.0,0.4650326337204116
4765.0,0.4137660608503929
4766.0,0.49409248534967654
4767.0,0.4992500032438178
4768.0,0.4105435291882122
4769.0,0.478196290014856
4770.0,0.4800617495601481
4771.0,0.4961922565715531
4772.0,0.479527495348666
4773.0,0.4729843801322132
4774.0,0.37192107386473333
4775.0,0.4966262810768843
4776.0,0.20611949098294716
4777.0,0.4792216246309922
4778.0,0.49265609510542707
4779.0,0.32909729502566365
4780.0,0.4630928587778966
4781.0,0.4990878536319737
4782.0,0.2673289585711672
4783.0,0.320633425090244
4784.0,0.19650904134470049
4785.0,0.3871028285038977
4786.0,0.4826937259520093
4787.0,0.4722065738626301
4788.0,0.4748745555842593
4789.0,0.49659967064229915
4790.0,0.4998226443565184
4791.0,0.3939103751202259
4792.0,0.4952576694809439
4793.0,0.493948497968136
4794.0,0.48706666639550283
4795.0,0.000866523035299052
4796.0,0.44710466129861437
4797.0,0.48374305812889234
4798.0,0.40015584615671357
4799.0,0.17764145571729864
4800.0,0.49928285047458
4801.0,0.49951211445780175
4802.0,0.43800128085928763
4803.0,0.30917156181512306
4804.0,0.4746818515882346
4805.0,0.4873882538564779
4806.0,0.4625450713772298
4807.0,0.4702817724871714
4808.0,0.2878437016172315
4809.0,0.0900763407027484
4810.0,0.49701190403547013
4811.0,0.4435623124287684
4812.0,0.48006514444629905
4813.0,0.43077292308963394
4814.0,0.27452812351772155
4815.0,0.49932565680580826
4816.0,0.38020983229814187
4817.0,0.497671492721894
4818.0,0.4984557582173227
4819.0,0.465833240743271
4820.0,0.44604969607794953
4821.0,0.4551382761629453
4822.0,0.4253988439439196
4823.0,0.3892670773731577
4824.0,0.4886401070083295
4825.0,0.35670560151344216
4826.0,0.26887231992511273
4827.0,0.2488746270679774
4828.0,0.12325262880472457
4829.0,0.49287534753651746
4830.0,0.4672537482934598
4831.0,0.2994645676710332
4832.0,0.4039606267778902
4833.0,0.49143655654078605
4834.0,0.4929018247096563
4835.0,0.49930267580867277
4836.0,0.4911187739724271
4837.0,0.4768913586470022
4838.0,0.49659967058479465
4839.0,0.4463507542921373
4840.0,0.49182207980396137
4841.0,0.4950916853140738
4842.0,0.4257366311596953
4843.0,0.4808589757320815
4844.0,0.4988911778163717
4845.0,0.4966915867941115
4846.0,0.4543563783732027
4847.0,0.49661076202322685
4848.0,0.499356839967071
4849.0,0.4556254657982099
4850.0,0.4999014474420225
4851.0,0.4586595607067575
4852.0,0.4799545502077543
4853.0,0.4845493134165106
4854.0,0.49599502821338404
4855.0,0.4556099824045984
4856.0,0.44244337705606357
4857.0,0.23683865149748876
4858.0,0.4951998083211597
4859.0,0.4668777998224359
4860.0,0.4993169626358992
4861.0,0.49493119257660595
4862.0,0.4958225963276686
4863.0,0.45249113252951123
4864.0,0.4999121758769974
4865.0,0.3008125480758614
4866.0,0.44395476892874847
4867.0,0.08836180404691159
4868.0,0.15889759527458877
4869.0,0.4905355896383209
4870.0,0.25634815977597825
4871.0,0.49276419058812393
4872.0,0.4384101029107223
4873.0,0.4530559906687171
4874.0,0.4794501323279745
4875.0,0.4939086707807605
4876.0,0.4876619435235948
4877.0,0.49579340179846815
4878.0,0.4996125680837412
4879.0,0.4880432021222771
4880.0,0.41420387793286556
4881.0,0.4919952972380091
4882.0,0.49974334317377683
4883.0,0.4969688447712051
4884.0,0.49894900183893076
4885.0,0.3721873592199
4886.0,0.4811416605736325
4887.0,0.3879899326029233
4888.0,0.4590310843104346
4889.0,0.23139103252295148
4890.0,0.49766360349265243
4891.0,0.1155407954660073
4892.0,0.48864982477559993
4893.0,0.49833664391552673
4894.0,0.4816280907993524
4895.0,0.48831187205664667
4896.0,0.49795394116164227
4897.0,0.4918322295839503
4898.0,0.3227105413176931
4899.0,0.19708507433485753
4900.0,0.44193161619083976
4901.0,0.49374878025386715
4902.0,0.4988253907436166
4903.0,0.2425277025924524
4904.0,0.48267148052698405
4905.0,0.48251752955005256
4906.0,0.49956155195463897
4907.0,0.4523798314876127
4908.0,0.04314744665649358
4909.0,0.47818008071662177
4910.0,0.22764497766445393
4911.0,0.4997106969544003
4912.0,0.49954904286154683
4913.0,0.4965540168619324
4914.0,0.4940446640940266
4915.0,0.3206313222565175
4916.0,0.3717242032291573
4917.0,0.3345353115478851
4918.0,0.4873200953155195
4919.0,0.49600837990509133
4920.0,0.49897810868796916
4921.0,0.49898656653355533
4922.0,0.49227334933372185
4923.0,0.19990948717009432
4924.0,0.2318565162764792
4925.0,0.44459264421401734
4926.0,0.49761039215398994
4927.0,0.4386659534168217
4928.0,0.09518841772104185
4929.0,0.19507655827023063
4930.0,0.4841832050135645
4931.0,0.443633520208596
4932.0,0.42840413091256985
4933.0,0.3558144550153035
4934.0,0.49369257099894726
4935.0,0.44837878019880933
4936.0,0.3249828104643932
4937.0,0.3340994104739784
4938.0,0.4382976307907618
4939.0,0.4596883084867028
4940.0,0.4962629653175407
4941.0,0.49140772775896613
4942.0,0.32377000196279815
4943.0,0.49416436881844245
4944.0,0.4445671879984856
4945.0,0.498883083710118
4946.0,0.4973029695046493
4947.0,0.36189482486261254
4948.0,0.4863679502822855
4949.0,0.11526941046613672
4950.0,0.4991750341105633
4951.0,0.4925187212398931
4952.0,0.17821864978171648
4953.0,0.2645024314891536
4954.0,0.4867422513288338
4955.0,0.49435575949792054
4956.0,0.49700622051560434
4957.0,0.4552796022694605
4958.0,0.49714370927733975
4959.0,0.49334747690234443
4960.0,0.14123803226943407
4961.0,0.4792661800405553
4962.0,0.3088396721641491
4963.0,0.49976923890085795
4964.0,0.46843715721872353
4965.0,0.4997254965204658
4966.0,0.49780571390600115
4967.0,0.4995813030856624
4968.0,0.47890191053448106
4969.0,0.49599744192238254
4970.0,0.30927991469866484
4971.0,0.4630071382210744
4972.0,0.482648633683291
4973.0,0.49872547647388027
4974.0,0.49985213407825896
4975.0,0.4790083677084623
4976.0,0.23821008433631696
4977.0,0.16542691187478464
4978.0,0.4184224467069671
4979.0,0.49497796207782935
4980.0,0.377597366646412
4981.0,0.20999701204104998
4982.0,0.4232490149835081
4983.0,0.4911303782002941
4984.0,0.4995015674508366
4985.0,0.471109599783072
4986.0,0.4840839256204455
4987.0,0.497091962736159
4988.0,0.38346486040786076
4989.0,0.49462839457637875
4990.0,0.48279537626449154
4991.0,0.47161795456762756
4992.0,0.49497263287456783
4993.0,0.21861585918641302
4994.0,0.4995201224998549
4995.0,0.4935199004656599
4996.0,0.4337793901610953
4997.0,0.49983441060166395
4998.0,0.4789839013527703
4999.0,0.4797861714091342
5000.0,0.4816905451223355
5001.0,0.49872252683198515
5002.0,0.3710945910343012
5003.0,0.2728368372839943
5004.0,0.48245842167974745
5005.0,0.15772199090239136
5006.0,0.49695375646967865
5007.0,0.49857260802084147
5008.0,0.48531538712966293
5009.0,0.484581590589248
5010.0,0.4969509207277585
5011.0,0.49130657185787996
5012.0,0.4203118190619274
5013.0,0.4997264856219463
5014.0,0.3720723926228382
5015.0,0.14390231272951529
5016.0,0.49942988931082266
5017.0,0.4373516100603725
5018.0,0.13396834525921358
5019.0,0.4624031551634634
5020.0,0.4975279458582042
5021.0,0.2186136427313925
5022.0,0.4951226957010803
5023.0,0.4961985284135388
5024.0,0.46344250824931027
5025.0,0.4978825301149492
5026.0,0.49870637561949305
5027.0,0.4734397976601793
5028.0,0.2752179306138592
5029.0,0.49886165083189415
5030.0,0.47230348120317567
5031.0,0.3030100708836035
5032.0,0.49982558578795144
5033.0,0.44251197937765996
5034.0,0.4989355301157817
5035.0,0.4480003005514668
5036.0,0.4873556231934954
5037.0,0.49124106523945127
5038.0,0.4000253003782086
5039.0,0.47297921102099755
5040.0,0.4662320870954092
5041.0,0.408074032334879
5042.0,0.17995425898757458
5043.0,0.35755750880233017
5044.0,0.49981075575868916
5045.0,0.47704173484313406
5046.0,0.28830498044197805
5047.0,0.18972510534027376
5048.0,0.4693526663904816
5049.0,0.49605880213236303
5050.0,0.4740260859046534
5051.0,0.42417239826471087
5052.0,0.45767766143493993
5053.0,0.4938540569157405
5054.0,0.496016272690351
5055.0,0.499716136604934
5056.0,0.46687839161442674
5057.0,0.49469369747788955
5058.0,0.4698114086383533
5059.0,0.488592968188296
5060.0,0.4790555910865429
5061.0,0.34450951779736305
5062.0,0.2344250197310433
5063.0,0.495789540847552
5064.0,0.461732208505335
5065.0,0.32912254772602534
5066.0,0.43939752302434654
5067.0,0.338614801493781
5068.0,0.25663533634992014
5069.0,0.4042394518271188
5070.0,0.3793103614294303
5071.0,0.49998890586005734
5072.0,0.008799097839659547
5073.0,0.4944827403978869
5074.0,0.34535133095896214
5075.0,0.37084904307447103
5076.0,0.49974690410766137
5077.0,0.4818879203848847
5078.0,0.3775462007577864
5079.0,0.49949072664709787
5080.0,0.29873319372806023
5081.0,0.4906210185984712
5082.0,0.3541099052631556
5083.0,0.38218080221467166
5084.0,0.49676754134439793
5085.0,0.4871126857638827
5086.0,0.4746796801181292
5087.0,0.3869837068276839
5088.0,0.49433957753779395
5089.0,0.48988079628596115
5090.0,0.44553887993451213
5091.0,0.49771245031790634
5092.0,0.4760394685382583
5093.0,0.4282211738337174
5094.0,0.4472075449901117
5095.0,0.48939976308028205
5096.0,0.37957507792360873
5097.0,0.48480684412231806
5098.0,0.4872153994403905
5099.0,0.29523475553444023
5100.0,0.469729788560687
5101.0,0.08178262490031071
5102.0,0.40387450402793607
5103.0,0.22828281763020017
5104.0,0.4698010086769418
5105.0,0.38598046294890603
5106.0,0.4997232329800242
5107.0,0.49993131944970676
5108.0,0.48106969082098494
5109.0,0.49998373133015395
5110.0,0.49772260462243517
5111.0,0.4947286294424871
5112.0,0.44835673042795837
5113.0,0.4660982684163362
5114.0,0.4197967440411364
5115.0,0.4976998037778007
5116.0,0.3812308216949842
5117.0,0.18221472651887957
5118.0,0.41063747069845014
5119.0,0.043809832473442493
5120.0,0.4958014665007884
5121.0,0.4547771975719602
5122.0,0.4461708224619604
5123.0,0.49756359017016455
5124.0,0.49870785391890887
5125.0,0.0738633992822218
5126.0,0.29112013538996445
5127.0,0.47934911246478307
5128.0,0.49944114978012155
5129.0,0.3307173057462677
5130.0,0.4553518382101539
5131.0,0.4362362871724563
5132.0,0.3706061955655035
5133.0,0.4832353172930213
5134.0,0.4888976928087047
5135.0,0.21817971499724084
5136.0,0.02499791361816534
5137.0,0.49368029644070066
5138.0,0.4732647700010367
5139.0,0.4862553480820368
5140.0,0.49020855232987354
5141.0,0.4609125385283936
5142.0,0.4986354876587536
5143.0,0.430465987803
5144.0,0.47089024821408826
5145.0,0.42749466217184645
5146.0,0.44978797701600975
5147.0,0.4903026456276085
5148.0,0.4999640251990544
5149.0,0.49625172094530606
5150.0,0.4135842018406892
5151.0,0.4982175525767296
5152.0,0.4947431848676401
5153.0,0.4545419919864959
5154.0,0.49987468879309715
5155.0,0.15805682386791434
5156.0,0.40969413410131833
5157.0,0.49061605776936323
5158.0,0.18484989814585762
5159.0,0.4972861226315384
5160.0,0.4868853173060019
5161.0,0.19309525804874977
5162.0,0.49510643645645946
5163.0,0.496674297492924
5164.0,0.4731623617237408
5165.0,0.4898002806514976
5166.0,0.46097909760584577
5167.0,0.08267935861008123
5168.0,0.403570970643556
5169.0,0.49979834500333553
5170.0,0.4902769001171625
5171.0,0.4778381578058501
5172.0,0.25982421647590787
5173.0,0.49314577291075734
5174.0,0.4945866560039862
5175.0,0.4942527617755977
5176.0,0.26716943522489894
5177.0,0.3990765353242544
5178.0,0.47762749807827837
5179.0,0.4991636199181991
5180.0,0.45610312551880233
5181.0,0.49974408682467947
5182.0,0.48508686835098613
5183.0,0.4423598152296132
5184.0,0.31865290871883956
5185.0,0.3373056839437795
5186.0,0.48790136438341836
5187.0,0.44639127554989766
5188.0,0.4411823068922039
5189.0,0.49746283379535794
5190.0,0.2484550831068576
5191.0,0.2730675273960723
5192.0,0.0837678516508633
5193.0,0.4801813850983224
5194.0,0.4923854579038581
5195.0,0.28018525758712276
5196.0,0.3892949283168255
5197.0,0.024586451180837698
5198.0,0.487718732548032
5199.0,0.31766147156620267
5200.0,0.47715676104926924
5201.0,0.47048862164466193
5202.0,0.38416696840666814
5203.0,0.4821646318647589
5204.0,0.47968562529926245
5205.0,0.46898628699112366
5206.0,0.4307498106354799
5207.0,0.39157391957559534
5208.0,0.49557625228795577
5209.0,0.488899540289944
5210.0,0.40978308280856396
5211.0,0.39517389008984094
5212.0,0.42035418472040853
5213.0,0.4204769393342027
5214.0,0.49649479747705433
5215.0,0.4913890231356945
5216.0,0.4955985728753192
5217.0,0.3522161938293243
5218.0,0.4282681481449408
5219.0,0.4931878357095931
5220.0,0.49932746362838626
5221.0,0.49888828224818726
5222.0,0.48950337527056603
5223.0,0.2894533462746603
5224.0,0.20489905893859167
5225.0,0.4961192077051112
5226.0,0.49723827000456683
5227.0,0.07346883126923096
5228.0,0.46907907692785455
5229.0,0.4219676728646189
5230.0,0.4843660643918765
5231.0,0.4951770826448939
5232.0,0.49217332874429126
5233.0,0.4931524101971716
5234.0,0.47334702576667387
5235.0,0.49586842537459436
5236.0,0.4090280822466863
5237.0,0.4775603346551151
5238.0,0.4992597599950272
5239.0,0.012209422506536184
5240.0,0.354991083168904
5241.0,0.4995367989315694
5242.0,0.49218904932951163
5243.0,0.47805942524095957
5244.0,0.26064089077571767
5245.0,0.2199332138609434
5246.0,0.49481394809919627
5247.0,0.44432233661756737
5248.0,0.4944680788660244
5249.0,0.47223189563027945
5250.0,0.49773664114107574
5251.0,0.4913986570644366
5252.0,0.20573161997146383
5253.0,0.3409012316433933
5254.0,0.46914019820971725
5255.0,0.26742125592818045
5256.0,0.4488476537029876
5257.0,0.49962915752222553
5258.0,0.49984800754847764
5259.0,0.3872137655574826
5260.0,0.37944670999114494
5261.0,0.48540616955936094
5262.0,0.2784282718861724
5263.0,0.2810937508081319
5264.0,0.49072394504714995
5265.0,0.4584488373447267
5266.0,0.47902138960265517
5267.0,0.3185187278536892
5268.0,0.4736654594712954
5269.0,0.2160582128811481
5270.0,0.41406863360262913
5271.0,0.4865978663910734
5272.0,0.4996233565728136
5273.0,0.49584234900286256
5274.0,0.29588078075053814
5275.0,0.49574637145430633
5276.0,0.4834651345115888
5277.0,0.027730015126321797
5278.0,0.38795248532646176
5279.0,0.4934584449095633
5280.0,0.49472960596657056
5281.0,0.4754227606667748
5282.0,0.4261181117064821
5283.0,0.251212757338408
5284.0,0.43010956466059463
5285.0,0.21035536800348412
5286.0,0.49605966231904486
5287.0,0.49143983754738374
5288.0,0.46545734346049
5289.0,0.4927843810615656
5290.0,0.39587950763610447
5291.0,0.4655017026568911
5292.0,0.4185331691275197
5293.0,0.4921209639959093
5294.0,0.48179188193741096
5295.0,0.0023165455562632557
5296.0,0.4727957775128522
5297.0,0.49443462539624017
5298.0,0.41138298616758834
5299.0,0.4844272478654989
5300.0,0.22820087850093482
5301.0,0.4032124454771286
5302.0,0.184849974221603
5303.0,0.4968200526309486
5304.0,0.49736355706623064
5305.0,0.47076781051996897
5306.0,0.4669882615109888
5307.0,0.44160181514952246
5308.0,0.37739607304308537
5309.0,0.47552417905101674
5310.0,0.33291269187985084
5311.0,0.48026974474075684
5312.0,0.25066585698142674
5313.0,0.32392601964148093
5314.0,0.49959601880877824
5315.0,0.20116398433042168
5316.0,0.48928680077082776
5317.0,0.28874186064980395
5318.0,0.49872178359236735
5319.0,0.4444147056741991
5320.0,0.4636735706644864
5321.0,0.4977252758863441
5322.0,0.3258200509927441
5323.0,0.4992868057526155
5324.0,0.4851224047709884
5325.0,0.46275147299575803
5326.0,0.4322711462285097
5327.0,0.4802128151103352
5328.0,0.2950613722011577
5329.0,0.4977420459873492
5330.0,0.4563927640355331
5331.0,0.22044356910356358
5332.0,0.3619012392003761
5333.0,0.08627622606480614
5334.0,0.49714630967120627
5335.0,0.4653527865208029
5336.0,0.48921681823701485
5337.0,0.46389665117194656
5338.0,0.29552157135672963
5339.0,0.3874230925839363
5340.0,0.2430834394923006
5341.0,0.3306965908826629
5342.0,0.45327140068856875
5343.0,0.46636595117268415
5344.0,0.4972649358352949
5345.0,0.46281194111211466
5346.0,0.3863745196214907
5347.0,0.49958840045456154
5348.0,0.0885543899839503
5349.0,0.476976659381321
5350.0,0.3128561853745423
5351.0,0.2061606052592909
5352.0,0.47058264904343644
5353.0,0.40077043708896953
5354.0,0.49812651564050037
5355.0,0.4991005085159461
5356.0,0.49856098658414105
5357.0,0.4848507816481477
5358.0,0.47448355617236915
5359.0,0.31075047735751354
5360.0,0.49770225720232086
5361.0,0.4467092148540024
5362.0,0.44750483488356485
5363.0,0.49734219839472793
5364.0,0.49508713595607845
5365.0,0.46636167807581314
5366.0,0.4817546278594863
5367.0,0.48581093006386905
5368.0,0.4153468237798169
5369.0,0.3614205605766908
5370.0,0.45550131470252514
5371.0,0.45757646119264084
5372.0,0.48199251003237836
5373.0,0.4882149982540598
5374.0,0.43227226451382006
5375.0,0.08393316746209235
5376.0,0.4462437064513108
5377.0,0.49687552677357616
5378.0,0.4668819501560625
5379.0,0.22362901521913878
5380.0,0.49656298862443865
5381.0,0.43945526276021596
5382.0,0.4354625070757041
5383.0,0.15209289349961408
5384.0,0.4836509311649267
5385.0,0.39955658171317043
5386.0,0.4810039921964317
5387.0,0.4899420804236217
5388.0,0.3830818210632823
5389.0,0.4989358297905717
5390.0,0.4840119036778216
5391.0,0.3687244418692331
5392.0,0.4977778481950792
5393.0,0.20637156570284723
5394.0,0.40022032866215773
5395.0,0.47764028317849594
5396.0,0.49705067606440834
5397.0,0.3513252602159772
5398.0,0.019224083091591286
5399.0,0.3424113291537428
5400.0,0.15493040144760356
5401.0,0.4932622888971721
5402.0,0.4900822818175602
5403.0,0.009533868977821283
5404.0,0.46748840114494233
5405.0,0.2607594097875195
5406.0,0.48487298185949673
5407.0,0.21406096291684157
5408.0,0.019373979446189262
5409.0,0.393466409993532
5410.0,0.495757017426745
5411.0,0.49418243163475173
5412.0,0.498299362997024
5413.0,0.11109268735105331
5414.0,0.0437876115965786
5415.0,0.4888596383010013
5416.0,0.49922700023428485
5417.0,0.4979671712667244
5418.0,0.47652279993711316
5419.0,0.40517522100854775
5420.0,0.490021953721454
5421.0,0.13742409459647717
5422.0,0.40536402719087233
5423.0,0.3004681623769673
5424.0,0.49628530812936317
5425.0,0.37298677044228024
5426.0,0.4788529505847546
5427.0,0.4932029981192823
5428.0,0.4315731669439969
5429.0,0.4972460917825891
5430.0,0.3008253054099801
5431.0,0.49193243479508314
5432.0,0.31462765010837407
5433.0,0.49900330970327406
5434.0,0.4854502600251137
5435.0,0.20249312839214365
5436.0,0.2748450068557164
5437.0,0.48532777115398595
5438.0,0.4995963838341228
5439.0,0.49488807869307805
5440.0,0.48366614101235456
5441.0,0.38675829002908246
5442.0,0.4993500447170034
5443.0,0.3663372818458174
5444.0,0.4667134761859798
5445.0,0.3969805549654639
5446.0,0.2699384937354417
5447.0,0.3863178581107907
5448.0,0.495658380103844
5449.0,0.4787092871469225
5450.0,0.496664717588635
5451.0,0.36241534234526585
5452.0,0.4714575375510111
5453.0,0.49222159580868313
5454.0,0.4067034514202298
5455.0,0.11715725527003316
5456.0,0.49842336704885726
5457.0,0.11613261747857606
5458.0,0.48869197537147646
5459.0,0.4997338772174845
5460.0,0.4967637677351917
5461.0,0.4852832548793185
5462.0,0.4794294599186662
5463.0,0.49996303297203964
5464.0,0.28471056267483486
5465.0,0.40319562919524027
5466.0,0.1524176022402662
5467.0,0.357985876217254
5468.0,0.2534876967966844
5469.0,0.48088456569501437
5470.0,0.37256632860585914
5471.0,0.48982183407252233
5472.0,0.3645754578940041
5473.0,0.4820454016535908
5474.0,0.32064543353453384
5475.0,0.3015541733742224
5476.0,0.40035806166341187
5477.0,0.43130207592221403
5478.0,0.47415417825001777
5479.0,0.15683083430265535
5480.0,0.34809954486374955
5481.0,0.47412841159514585
5482.0,0.4825152241865908
5483.0,0.39532904800133295
5484.0,0.4009383133013605
5485.0,0.4762905739556097
5486.0,0.37788513828236947
5487.0,0.3665088268216823
5488.0,0.44912872871146564
5489.0,0.4487797529686065
5490.0,0.4885721972736846
5491.0,0.4081614072775928
5492.0,0.4772630248275245
5493.0,0.1620493857845501
5494.0,0.3885843762922026
5495.0,0.4932497579349771
5496.0,0.49879360156264496
5497.0,0.48773385445549516
5498.0,0.4230163127391073
5499.0,0.3315824909354322
5500.0,0.432082808048038
5501.0,0.49811836650253594
5502.0,0.49830220342010495
5503.0,0.28672044637383953
5504.0,0.41281780994762696
5505.0,0.39858962400331516
5506.0,0.4743172836013602
5507.0,0.45214156906133995
5508.0,0.469338872319697
5509.0,0.4740979659286325
5510.0,0.420565175598306
5511.0,0.4964886170500743
5512.0,0.4755887484467299
5513.0,0.49968250409088444
5514.0,0.34895486330452774
5515.0,0.4764627145720505
5516.0,0.4000209341193429
5517.0,0.4926024305970664
5518.0,0.4883309783585386
5519.0,0.4965868250392773
5520.0,0.48714053758648707
5521.0,0.07572129778720701
5522.0,0.4977102323311524
5523.0,0.4924641478988446
5524.0,0.4161099888091571
5525.0,0.4973245924163296
5526.0,0.48773317811070294
5527.0,0.23356413576362936
5528.0,0.4858676558352995
5529.0,0.45372683210223513
5530.0,0.48961267780025797
5531.0,0.39211034105188813
5532.0,0.4641066173646572
5533.0,0.4926490448567437
5534.0,0.4134666075284869
5535.0,0.0537145505058865
5536.0,0.18637601513481988
5537.0,0.26372496472978096
5538.0,0.4991225857659685
5539.0,0.4994358269758785
5540.0,0.49962541075709616
5541.0,0.49973387712112965
5542.0,0.49876356029175883
5543.0,0.2323352226556634
5544.0,0.47191753485127064
5545.0,0.4786732004856516
5546.0,0.43624334144234655
5547.0,0.42423565924990725
5548.0,0.261113935046477
5549.0,0.13160992708312116
5550.0,0.3240549645472947
5551.0,0.426613133661957
5552.0,0.46190586900845987
5553.0,0.4995962859134801
5554.0,0.48540531571701434
5555.0,0.23861076191438932
5556.0,0.4808895279830735
5557.0,0.49856033824839285
5558.0,0.44213335038524515
5559.0,0.4987029005879842
5560.0,0.4062915508724364
5561.0,0.35958652142406106
5562.0,0.49869708517381806
5563.0,0.4459259941854342
5564.0,0.46880812840624103
5565.0,0.46490918617804255
5566.0,0.4767611295307716
5567.0,0.43292865937347513
5568.0,0.10111012180426289
5569.0,0.4598839782346901
5570.0,0.4933844302889573
5571.0,0.4718979765259938
5572.0,0.3255264380622457
5573.0,0.4996319503853484
5574.0,0.4536973013564434
5575.0,0.46843342087101014
5576.0,0.4339976077406403
5577.0,0.15434720913654154
5578.0,0.46827224919727733
5579.0,0.49849276874183834
5580.0,0.49000955125176654
5581.0,0.24550269287433715
5582.0,0.46568627583097205
5583.0,0.4617122568517923
5584.0,0.4911435834368197
5585.0,0.4913744465229324
5586.0,0.44929867274155927
5587.0,0.4995268977652174
5588.0,0.39768895922215913
5589.0,0.4999451944176394
5590.0,0.4898779811086688
5591.0,0.4248606220885377
5592.0,0.43144832497790064
5593.0,0.48412544348955094
5594.0,0.44372893132435276
5595.0,0.4728738927903456
5596.0,0.4826403376228066
5597.0,0.4983340692680506
5598.0,0.016919793924036294
5599.0,0.49135909670617917
5600.0,0.49403395052448323
5601.0,0.4997114821356418
5602.0,0.23731674169947872
5603.0,0.4983086823387618
5604.0,0.4962144953205254
5605.0,0.49429559795043826
5606.0,0.4959894189203738
5607.0,0.29854045169879107
5608.0,0.4792972733301289
5609.0,0.4940706906880582
5610.0,0.48603251762440824
5611.0,0.3625724641021948
5612.0,0.4770380370837373
5613.0,0.3772080336835625
5614.0,0.49864354781345677
5615.0,0.28329275409666177
5616.0,0.4974132938436058
5617.0,0.41049741588657707
5618.0,0.43124443852474886
5619.0,0.4875117719065284
5620.0,0.4951623709932364
5621.0,0.4483149631520568
5622.0,0.4276175026517099
5623.0,0.1789425649676469
5624.0,0.33687172727860387
5625.0,0.48223092260118633
5626.0,0.4337101403765746
5627.0,0.340478420321244
5628.0,0.49461400589802723
5629.0,0.46491732668560104
5630.0,0.4310154753807407
5631.0,0.1904009447011431
5632.0,0.4856385521141598
5633.0,0.4440202894873783
5634.0,0.21239525014049654
5635.0,0.24962339305058323
5636.0,0.49792784558298997
5637.0,0.33571847496304436
5638.0,0.49084679072870213
5639.0,0.39357308992262163
5640.0,0.49520824297803206
5641.0,0.4944117817826945
5642.0,0.31562889085033236
5643.0,0.2993068566941316
5644.0,0.49480968366472716
5645.0,0.4412455765973959
5646.0,0.48886645498907516
5647.0,0.49153245904565324
5648.0,0.41253752099028906
5649.0,0.48160678218284975
5650.0,0.23859265004167363
5651.0,0.45545096554246095
5652.0,0.47566293044927127
5653.0,0.49867384976870377
5654.0,0.4567851619415597
5655.0,0.49509474001409176
5656.0,0.48875195386606224
5657.0,0.4480563003101856
5658.0,0.19571959264355684
5659.0,0.4964518343184415
5660.0,0.0009329293519928315
5661.0,0.44516366835423726
5662.0,0.48508729764263775
5663.0,0.49055887756744876
5664.0,0.4505461470365309
5665.0,0.4717995689949772
5666.0,0.49967510268453275
5667.0,0.49253157135153536
5668.0,0.03934135432680251
5669.0,0.3722469787753705
5670.0,0.06892496441218686
5671.0,0.48988690196366375
5672.0,0.4841329583529055
5673.0,0.296902890576032
5674.0,0.39005986466430836
5675.0,0.401517623118572
5676.0,0.12974649390224438
5677.0,0.4616136703231569
5678.0,0.49733397598249224
5679.0,0.45555969602614804
5680.0,0.4126016180585369
5681.0,0.46208671129973394
5682.0,0.3057043265491303
5683.0,0.16990592164941656
5684.0,0.4961033189375376
5685.0,0.44377994256504383
5686.0,0.48369631728121887
5687.0,0.4949638548083959
5688.0,0.4930393051304774
5689.0,0.49871092246374626
5690.0,0.48447913273063464
5691.0,0.3892720641626546
5692.0,0.4979912547356438
5693.0,0.4674098200941455
5694.0,0.37720158808967824
5695.0,0.48530330141699174
5696.0,0.49990647255147025
5697.0,0.22615059712161556
5698.0,0.4894811498694276
5699.0,0.47256770182799146
5700.0,0.49763366162851863
5701.0,0.42284307915138475
5702.0,0.4819237790564659
5703.0,0.44325612105181633
5704.0,0.05528516253986175
5705.0,0.45322292350188603
5706.0,0.49865006421087876
5707.0,0.4359696114174955
5708.0,0.49966770877073546
5709.0,0.4933169912606733
5710.0,0.488429883259982
5711.0,0.4907500317969266
5712.0,0.35466897925720453
5713.0,0.4725732364916044
5714.0,0.45204117130025
5715.0,0.4992207074913752
5716.0,0.43768515555012943
5717.0,0.4259107099372183
5718.0,0.400051097920698
5719.0,0.4930326541485917
5720.0,0.17052592007196632
5721.0,0.49890380893830133
5722.0,0.19140634957435704
5723.0,0.28207915411952733
5724.0,0.16883375844705378
5725.0,0.3303601501864375
5726.0,0.34595326755864264
5727.0,0.0008093916914603736
5728.0,0.3732461131319598
5729.0,0.19327660353911574
5730.0,0.3558189287897621
5731.0,0.4133363573978197
5732.0,0.49318783510731234
5733.0,0.4869630423462675
5734.0,0.49992015834683745
5735.0,0.3098552850616433
5736.0,0.3924251047049851
5737.0,0.4984500416135706
5738.0,0.4787574245630212
5739.0,0.3102951378683585
5740.0,0.29763791224908726
5741.0,0.4343818828304405
5742.0,0.4981889312668551
5743.0,0.41749276597733465
5744.0,0.3584576727205874
5745.0,0.42056155941061607
5746.0,0.4466123052297402
5747.0,0.2772118017604117
5748.0,0.20566477269582867
5749.0,0.38024911812900103
5750.0,0.3941461733594676
5751.0,0.49335323483992577
5752.0,0.4879459790847552
5753.0,0.4595227563012926
5754.0,0.4968033413741803
5755.0,0.3953072480561751
5756.0,0.3415874283319969
5757.0,0.4987231485184372
5758.0,0.4631231482040896
5759.0,0.49885844736362006
5760.0,0.46307504215344747
5761.0,0.15375467824809558
5762.0,0.4183225811143865
5763.0,0.29990483501839194
5764.0,0.4333217928763044
5765.0,0.3610953852150752
5766.0,0.28857407637473015
5767.0,0.3213455465289653
5768.0,0.4851157283442012
5769.0,0.49748644733185293
5770.0,0.49975146088093825
5771.0,0.4945225926324471
5772.0,0.17145076511829402
5773.0,0.22842140177685116
5774.0,0.4926084096728746
5775.0,0.49616799216256147
5776.0,0.4932956936305454
5777.0,0.499136198551751
5778.0,0.4965197047727459
5779.0,0.4927741692218633
5780.0,0.4998627162950862
5781.0,0.4931224917441057
5782.0,0.49946628219654143
5783.0,0.3529656581075931
5784.0,0.3294253562681424
5785.0,0.25439533494744077
5786.0,0.49704317884184646
5787.0,0.49942340793593665
5788.0,0.466426780240977
5789.0,0.1570529366399984
5790.0,0.42016703280846257
5791.0,0.451926179798142
5792.0,0.4478173258068682
5793.0,0.4934870023245823
5794.0,0.47868935572116156
5795.0,0.4882929827247034
5796.0,0.3422379714688674
5797.0,0.4998158772447578
5798.0,0.43595382197825744
5799.0,0.49640748368313564
5800.0,0.38246890314972803
5801.0,0.32840091945148314
5802.0,0.4975975719983171
5803.0,0.14280646016711498
5804.0,0.49963814018396263
5805.0,0.4996870403417731
5806.0,0.4786358880553586
5807.0,0.49654561044848794
5808.0,0.46899615710850046
5809.0,0.4335267417951972
5810.0,0.4149560192851135
5811.0,0.47247702718199647
5812.0,0.44547953952465824
5813.0,0.26574353521040495
5814.0,0.49215207576370174
5815.0,0.48625304226053057
5816.0,0.2586799302751373
5817.0,0.49782672296345526
5818.0,0.49450397234009447
5819.0,0.4985428621862949
5820.0,0.4999149931207552
5821.0,0.4856888968147542
5822.0,0.49657246768826147
5823.0,0.33281772256687875
5824.0,0.46028764555395196
5825.0,0.3816957928976332
5826.0,0.49898705096667445
5827.0,0.4804207273708749
5828.0,0.4187124530869704
5829.0,0.27539885547085624
5830.0,0.46297336068392114
5831.0,0.468314712160211
5832.0,0.3937191613061522
5833.0,0.45232128341892147
5834.0,0.47800656726450896
5835.0,0.40139212236519783
5836.0,0.49793984045112544
5837.0,0.493739982170024
5838.0,0.49615784601521284
5839.0,0.44872466749487555
5840.0,0.4980731506855065
5841.0,0.4741118147248737
5842.0,0.4677167422173629
5843.0,0.4982335308101884
5844.0,0.2813520229466634
5845.0,0.49158088516481685
5846.0,0.22388192195556142
5847.0,0.4333706579432801
5848.0,0.4984353388078201
5849.0,0.26244877753434986
5850.0,0.4041052326520663
5851.0,0.4890687268262931
5852.0,0.27308801824986756
5853.0,0.4077951200683317
5854.0,0.4228974835406076
5855.0,0.4993941730046517
5856.0,0.4534436881729164
5857.0,0.09289846705164648
5858.0,0.2240557436523564
5859.0,0.49274443232521625
5860.0,0.47165240604240294
5861.0,0.1970804775353422
5862.0,0.13115075750400726
5863.0,0.20232938419919055
5864.0,0.4891970516483688
5865.0,0.46409634149572165
5866.0,0.47957263971036806
5867.0,0.28197924515839184
5868.0,0.48131449225347794
5869.0,0.49890055100198105
5870.0,0.46393690326010567
5871.0,0.4967523311106492
5872.0,0.45970611674026757
5873.0,0.46148077560126777
5874.0,0.30026746082641625
5875.0,0.456389941652189
5876.0,0.49993541296963634
5877.0,0.4983367717644882
5878.0,0.4622763830007176
5879.0,0.48969476263179135
5880.0,0.4903544705657556
5881.0,0.49788585877793734
5882.0,0.47295378557677153
5883.0,0.4322017414012238
5884.0,0.2662816478812722
5885.0,0.3758924663425123
5886.0,0.20965412907453365
5887.0,0.4918394337067397
5888.0,0.3705948846034985
5889.0,0.48935021260558254
5890.0,0.4988719571664614
5891.0,0.4874505172445022
5892.0,0.49817414704250773
5893.0,0.34370454294779534
5894.0,0.45971194901055445
5895.0,0.49932116408512117
5896.0,0.47521675152129816
5897.0,0.36258071884518894
5898.0,0.07934147875709108
5899.0,0.39448211082989676
5900.0,0.23968699926735618
5901.0,0.382169550256386
5902.0,0.43558681380846015
5903.0,0.4033185211804005
5904.0,0.22474649974062472
5905.0,0.47699874471733533
5906.0,0.42621801968576656
5907.0,0.48592656574659326
5908.0,0.49887456115608325
5909.0,0.28723381829219335
5910.0,0.48029070924574696
5911.0,0.4047819347994657
5912.0,0.43596252227368254
5913.0,0.495843920093781
5914.0,0.45902611989022846
5915.0,0.4988038100868268
5916.0,0.40397454218311224
5917.0,0.4990066417813047
5918.0,0.49758953296841374
5919.0,0.4986871551836842
5920.0,0.38792762865807323
5921.0,0.16167134171809136
5922.0,0.49268831694635323
5923.0,0.4994273057106838
5924.0,0.4899889198542447
5925.0,0.1997871758187063
5926.0,0.47889971462993064
5927.0,0.4997723156931992
5928.0,0.3911451659588414
5929.0,0.164472648599078
5930.0,0.4949330052839819
5931.0,0.38491467603500634
5932.0,0.4996677085076707
5933.0,0.040752735520216334
5934.0,0.4857037900275635
5935.0,0.4684714334811227
5936.0,0.43811449895968785
5937.0,0.17683016612583813
5938.0,0.3944385428875913
5939.0,0.4789955938008425
5940.0,0.4782282001150728
5941.0,0.4719928752767303
5942.0,0.3208201457210573
5943.0,0.4987934045902401
5944.0,0.2260210154888406
5945.0,0.1815793717847765
5946.0,0.09698694167082725
5947.0,0.15996998763143028
5948.0,0.49928591450606774
5949.0,0.4467815152109556
5950.0,0.4800289226021904
5951.0,0.4964426422251664
5952.0,0.47930874252587785
5953.0,0.3624939470457345
5954.0,0.19309543447754912
5955.0,0.4996131089425219
5956.0,0.4069675922760469
5957.0,0.4907565769391773
5958.0,0.36222555924467126
5959.0,0.3988899612889247
5960.0,0.4993803365868174
5961.0,0.3838410142103158
5962.0,0.49125452616664284
5963.0,0.2629008718341436
5964.0,0.4976740177628391
5965.0,0.2459598573394272
5966.0,0.4844815224638904
5967.0,0.49780085085467574
5968.0,0.49954802834634987
5969.0,0.49926208796136556
5970.0,0.4341412176321076
5971.0,0.49847307674702324
5972.0,0.4239397038933924
5973.0,0.48996112484325766
5974.0,0.49674858010539763
5975.0,0.485283749301128
5976.0,0.3301349655339929
5977.0,0.42394151591607904
5978.0,0.4992903497351542
5979.0,0.3076535862533954
5980.0,0.4239739161075575
5981.0,0.4993994186269285
